{
  "operator": "or",
  "implementation": "pypto",
  "batch": 16,
  "warmup": 200,
  "loops": 100,
  "repeat": 5,
  "raw_repeat_latency_us": [
    142.66119956970215,
    140.74819564819336,
    141.42339706420898,
    139.67100143432617,
    141.1184024810791
  ],
  "median_us": 141.1184024810791,
  "mean_us": 141.12443923950195,
  "min_us": 139.67100143432617,
  "p90_us": 142.66119956970215,
  "std_us": 0.9700603310514052,
  "cv": 0.6873794052106865
}