{
  "operator": "where",
  "overall_status": "COMPLETE_WITH_LIMITATION",
  "correctness": {
    "torch": "PASS",
    "ascendc": "PASS",
    "pypto": "BLOCKED_BACKEND_WHERE_SELECT"
  },
  "profiler": {
    "torch": {
      "1": {
        "median_us": 131.86260223388672,
        "mean_us": 131.76132202148438,
        "min_us": 131.02800369262695,
        "p90_us": 132.6226043701172,
        "cv": 0.4171328818765705,
        "raw_repeat_latency_us": [
          131.95839881896973,
          131.86260223388672,
          132.6226043701172,
          131.02800369262695,
          131.3350009918213
        ]
      },
      "2": {
        "median_us": 159.08820152282715,
        "mean_us": 159.31311798095703,
        "min_us": 158.05419921875,
        "p90_us": 160.83379745483398,
        "cv": 0.664941525826763,
        "raw_repeat_latency_us": [
          160.20639419555664,
          158.38299751281738,
          160.83379745483398,
          158.05419921875,
          159.08820152282715
        ]
      },
      "4": {
        "median_us": 230.8843994140625,
        "mean_us": 230.92868041992188,
        "min_us": 229.37299728393555,
        "p90_us": 232.86020278930664,
        "cv": 0.5035180383799129,
        "raw_repeat_latency_us": [
          230.23740768432617,
          232.86020278930664,
          229.37299728393555,
          231.28839492797852,
          230.8843994140625
        ]
      },
      "8": {
        "median_us": 350.2363967895508,
        "mean_us": 350.35335540771484,
        "min_us": 347.0075988769531,
        "p90_us": 353.83678436279297,
        "cv": 0.6179837148409427,
        "raw_repeat_latency_us": [
          350.2363967895508,
          350.1232147216797,
          347.0075988769531,
          353.83678436279297,
          350.56278228759766
        ]
      },
      "16": {
        "median_us": 578.2921981811523,
        "mean_us": 581.7667236328125,
        "min_us": 573.7884140014648,
        "p90_us": 599.8667907714844,
        "cv": 1.6188286155503198,
        "raw_repeat_latency_us": [
          599.8667907714844,
          578.2921981811523,
          581.4468002319336,
          573.7884140014648,
          575.4394149780273
        ]
      },
      "32": {
        "median_us": 1010.9327697753906,
        "mean_us": 1011.7161865234375,
        "min_us": 1007.2413635253906,
        "p90_us": 1018.0178070068359,
        "cv": 0.35666765783878385,
        "raw_repeat_latency_us": [
          1010.9327697753906,
          1012.6457977294922,
          1009.7431945800781,
          1018.0178070068359,
          1007.2413635253906
        ]
      },
      "64": {
        "median_us": 2180.675048828125,
        "mean_us": 2187.0328979492188,
        "min_us": 2152.815399169922,
        "p90_us": 2239.761199951172,
        "cv": 1.3386722284351165,
        "raw_repeat_latency_us": [
          2152.815399169922,
          2239.761199951172,
          2170.458984375,
          2180.675048828125,
          2191.453857421875
        ]
      }
    },
    "ascendc": {
      "1": {
        "median_us": 238.6,
        "mean_us": 238.6,
        "min_us": 238.6,
        "p90_us": 238.6,
        "cv": 0.004191114836546521,
        "raw_repeat_latency_us": [
          238.6,
          238.6,
          238.6,
          238.6,
          238.6
        ]
      },
      "2": {
        "median_us": 475.7,
        "mean_us": 475.7,
        "min_us": 475.6,
        "p90_us": 475.8,
        "cv": 0.012612991381122556,
        "raw_repeat_latency_us": [
          475.6,
          475.7,
          475.7,
          475.7,
          475.8
        ]
      },
      "4": {
        "median_us": 712.7,
        "mean_us": 712.7,
        "min_us": 712.7,
        "p90_us": 712.8,
        "cv": 0.0014031149151115475,
        "raw_repeat_latency_us": [
          712.7,
          712.7,
          712.7,
          712.7,
          712.8
        ]
      },
      "8": {
        "median_us": 1186.9,
        "mean_us": 1187.0,
        "min_us": 1186.9,
        "p90_us": 1187.1,
        "cv": 0.008424599831508003,
        "raw_repeat_latency_us": [
          1186.9,
          1186.9,
          1186.9,
          1187.1,
          1187.1
        ]
      },
      "16": {
        "median_us": 2372.2,
        "mean_us": 2372.1,
        "min_us": 2372.0,
        "p90_us": 2372.3,
        "cv": 0.003794106487922094,
        "raw_repeat_latency_us": [
          2372.0,
          2372.1,
          2372.2,
          2372.2,
          2372.3
        ]
      },
      "32": {
        "median_us": 4742.3,
        "mean_us": 4742.4,
        "min_us": 4742.2,
        "p90_us": 4742.5,
        "cv": 0.0018977732793522268,
        "raw_repeat_latency_us": [
          4742.2,
          4742.3,
          4742.3,
          4742.3,
          4742.5
        ]
      },
      "64": {
        "median_us": 9245.7,
        "mean_us": 9245.7,
        "min_us": 9245.7,
        "p90_us": 9245.8,
        "cv": 0.0008652670971370474,
        "raw_repeat_latency_us": [
          9245.7,
          9245.7,
          9245.7,
          9245.7,
          9245.8
        ]
      }
    },
    "pypto": {
      "blocked": true,
      "reason": "BLOCKED_BACKEND_WHERE_SELECT"
    }
  }
}