{
  "results": [
    {
      "operator": "matmul",
      "variant": "torch",
      "batch": 32,
      "shape": {
        "A": [
          32,
          12,
          256,
          256
        ],
        "B": [
          32,
          12,
          256,
          32
        ],
        "Y": [
          32,
          12,
          256,
          32
        ]
      },
      "dtype": "float16",
      "config": {
        "warmup": 200,
        "loops": 100,
        "repeat": 5
      },
      "latency_us": {
        "count": 5,
        "median_us": 32.17780113220215,
        "mean_us": 32.2069206237793,
        "min_us": 32.13540077209473,
        "max_us": 32.28640079498291,
        "p90_us": 32.28640079498291,
        "std_us": 0.05732201222316641,
        "cv": 0.0017798041884465015
      },
      "flops_per_op": 1610612736,
      "achieved_tflops": 50.0535,
      "input_bytes": 56623104,
      "output_bytes": 6291456
    }
  ],
  "framework": "torch",
  "operator": "matmul"
}