{
  "results": [
    {
      "operator": "matmul",
      "variant": "torch",
      "batch": 32,
      "shape": {
        "A": [
          32,
          12,
          256,
          256
        ],
        "B": [
          32,
          12,
          256,
          32
        ],
        "Y": [
          32,
          12,
          256,
          32
        ]
      },
      "dtype": "float16",
      "config": {
        "warmup": 200,
        "loops": 100,
        "repeat": 5
      },
      "latency_us": {
        "count": 5,
        "median_us": 32.22239971160889,
        "mean_us": 32.23352003097534,
        "min_us": 32.17060089111328,
        "max_us": 32.31839895248413,
        "p90_us": 32.31839895248413,
        "std_us": 0.057351625397297504,
        "cv": 0.001779254184531646
      },
      "flops_per_op": 1610612736,
      "achieved_tflops": 49.9843,
      "input_bytes": 56623104,
      "output_bytes": 6291456
    }
  ],
  "framework": "torch",
  "operator": "matmul"
}