{
  "operator": "not",
  "implementation": "torch",
  "batch": 32,
  "warmup": 200,
  "loops": 100,
  "repeat": 5,
  "raw_repeat_latency_us": [
    1031.2100219726562,
    1026.5492248535156,
    1022.5128173828125,
    1028.5501861572266,
    1028.6799621582031
  ],
  "median_us": 1028.5501861572266,
  "mean_us": 1027.5004425048828,
  "min_us": 1022.5128173828125,
  "p90_us": 1031.2100219726562,
  "std_us": 2.8994974583368935,
  "cv": 0.2821894121299237
}