{
  "operator": "equal",
  "implementation": "torch",
  "batch": 4,
  "warmup": 200,
  "loops": 100,
  "repeat": 5,
  "raw_repeat_latency_us": [
    11.83519959449768,
    13.32859992980957,
    13.062800168991089,
    12.80460000038147,
    12.498799562454224
  ],
  "median_us": 12.80460000038147,
  "mean_us": 12.705999851226807,
  "min_us": 11.83519959449768,
  "p90_us": 13.32859992980957,
  "std_us": 0.5149532718234212,
  "cv": 4.052835493884417
}