{
  "operator": "not",
  "implementation": "torch",
  "batch": 16,
  "warmup": 200,
  "loops": 100,
  "repeat": 5,
  "raw_repeat_latency_us": [
    562.9618072509766,
    565.3131866455078,
    563.6571884155273,
    563.8214111328125,
    566.9318008422852
  ],
  "median_us": 563.8214111328125,
  "mean_us": 564.5370788574219,
  "min_us": 562.9618072509766,
  "p90_us": 566.9318008422852,
  "std_us": 1.4216120989477325,
  "cv": 0.25181908366850986
}