{
  "operator": "where",
  "implementation": "torch",
  "batch": 16,
  "warmup": 200,
  "loops": 100,
  "repeat": 5,
  "raw_repeat_latency_us": [
    599.8667907714844,
    578.2921981811523,
    581.4468002319336,
    573.7884140014648,
    575.4394149780273
  ],
  "median_us": 578.2921981811523,
  "mean_us": 581.7667236328125,
  "min_us": 573.7884140014648,
  "p90_us": 599.8667907714844,
  "std_us": 9.417806197917512,
  "cv": 1.6188286155503198
}