{
  "operator": "not",
  "implementation": "pypto",
  "batch": 16,
  "warmup": 200,
  "loops": 100,
  "repeat": 5,
  "raw_repeat_latency_us": [
    134.20479774475098,
    131.57719612121582,
    129.7447967529297,
    130.67259788513184,
    130.38599967956543
  ],
  "median_us": 130.67259788513184,
  "mean_us": 131.31707763671875,
  "min_us": 129.7447967529297,
  "p90_us": 134.20479774475098,
  "std_us": 1.559545865843102,
  "cv": 1.1876184681458548
}