{
  "operator": "equal",
  "implementation": "torch",
  "batch": 8,
  "warmup": 200,
  "loops": 100,
  "repeat": 5,
  "raw_repeat_latency_us": [
    11.43880009651184,
    12.459399700164795,
    12.568600177764893,
    12.023799419403076,
    11.435799598693848
  ],
  "median_us": 12.023799419403076,
  "mean_us": 11.98527979850769,
  "min_us": 11.435799598693848,
  "p90_us": 12.568600177764893,
  "std_us": 0.48313655665432026,
  "cv": 4.03108283474931
}