{
  "results": [
    {
      "operator": "expand",
      "variant": "torch",
      "batch": 64,
      "shape": [
        64,
        256,
        384
      ],
      "dtype": "float16",
      "config": {
        "warmup": 200,
        "loops": 100,
        "repeat": 3
      },
      "latency_us": {
        "count": 3,
        "median_us": 20.423400402069092,
        "mean_us": 20.137933492660522,
        "min_us": 19.174000024795532,
        "max_us": 20.816400051116943,
        "p90_us": 20.816400051116943,
        "std_us": 0.7002323323443457,
        "cv": 0.03477180677945692,
        "effective_bandwidth_gbps": 1150.57
      }
    }
  ],
  "framework": "torch",
  "operator": "expand"
}