{
  "operator": "equal",
  "implementation": "torch",
  "batch": 32,
  "warmup": 200,
  "loops": 100,
  "repeat": 5,
  "raw_repeat_latency_us": [
    7.94439971446991,
    12.86020040512085,
    13.033000230789185,
    12.318999767303467,
    12.726999521255493
  ],
  "median_us": 12.726999521255493,
  "mean_us": 11.77671992778778,
  "min_us": 7.94439971446991,
  "p90_us": 13.033000230789185,
  "std_us": 1.9305930224665293,
  "cv": 16.393299953675513
}