{
  "operator": "equal",
  "implementation": "torch",
  "batch": 2,
  "warmup": 200,
  "loops": 100,
  "repeat": 5,
  "raw_repeat_latency_us": [
    11.307200193405151,
    12.423800230026245,
    12.165999412536621,
    11.754399538040161,
    12.884399890899658
  ],
  "median_us": 12.165999412536621,
  "mean_us": 12.107159852981567,
  "min_us": 11.307200193405151,
  "p90_us": 12.884399890899658,
  "std_us": 0.5426233676195155,
  "cv": 4.4818386327482616
}