{
  "operator": "or",
  "implementation": "pypto",
  "batch": 1,
  "warmup": 200,
  "loops": 100,
  "repeat": 5,
  "raw_repeat_latency_us": [
    151.08380317687988,
    148.4827995300293,
    148.8234043121338,
    149.77479934692383,
    148.70759963989258
  ],
  "median_us": 148.8234043121338,
  "mean_us": 149.37448120117188,
  "min_us": 148.4827995300293,
  "p90_us": 151.08380317687988,
  "std_us": 0.9618263036031441,
  "cv": 0.6439026906528921
}