{
  "operator": "where",
  "implementation": "torch",
  "batch": 32,
  "warmup": 200,
  "loops": 100,
  "repeat": 5,
  "raw_repeat_latency_us": [
    1010.9327697753906,
    1012.6457977294922,
    1009.7431945800781,
    1018.0178070068359,
    1007.2413635253906
  ],
  "median_us": 1010.9327697753906,
  "mean_us": 1011.7161865234375,
  "min_us": 1007.2413635253906,
  "p90_us": 1018.0178070068359,
  "std_us": 3.608464426449006,
  "cv": 0.35666765783878385
}