{
  "operator": "not",
  "implementation": "pypto",
  "batch": 2,
  "warmup": 200,
  "loops": 100,
  "repeat": 5,
  "raw_repeat_latency_us": [
    136.58260345458984,
    134.50980186462402,
    132.98179626464844,
    132.42620468139648,
    133.2376003265381
  ],
  "median_us": 133.2376003265381,
  "mean_us": 133.94760131835938,
  "min_us": 132.42620468139648,
  "p90_us": 136.58260345458984,
  "std_us": 1.4839699625856446,
  "cv": 1.1078734878265013
}