{
  "operator": "not",
  "implementation": "torch",
  "batch": 4,
  "warmup": 200,
  "loops": 100,
  "repeat": 5,
  "raw_repeat_latency_us": [
    224.93440628051758,
    217.73080825805664,
    220.52419662475586,
    219.34759140014648,
    220.46319961547852
  ],
  "median_us": 220.46319961547852,
  "mean_us": 220.60004043579102,
  "min_us": 217.73080825805664,
  "p90_us": 224.93440628051758,
  "std_us": 2.3921675044336506,
  "cv": 1.0843912356987655
}