{
  "operator": "or",
  "implementation": "pypto",
  "batch": 4,
  "warmup": 200,
  "loops": 100,
  "repeat": 5,
  "raw_repeat_latency_us": [
    143.91340255737305,
    141.19440078735352,
    142.34620094299316,
    142.03519821166992,
    142.46159553527832
  ],
  "median_us": 142.34620094299316,
  "mean_us": 142.3901596069336,
  "min_us": 141.19440078735352,
  "p90_us": 143.91340255737305,
  "std_us": 0.8812651461153409,
  "cv": 0.6189087423934795
}