{
  "operator": "or",
  "implementation": "torch",
  "batch": 32,
  "warmup": 200,
  "loops": 100,
  "repeat": 5,
  "raw_repeat_latency_us": [
    2072.7830505371094,
    2070.7525634765625,
    2075.897216796875,
    2063.2090759277344,
    2072.7890014648438
  ],
  "median_us": 2072.7830505371094,
  "mean_us": 2071.086181640625,
  "min_us": 2063.2090759277344,
  "p90_us": 2075.897216796875,
  "std_us": 4.268140442200291,
  "cv": 0.20608222294348247
}