{
  "operator": "or",
  "implementation": "torch",
  "batch": 16,
  "warmup": 200,
  "loops": 100,
  "repeat": 5,
  "raw_repeat_latency_us": [
    1143.9948272705078,
    1138.8246154785156,
    1140.3885650634766,
    1139.2906188964844,
    1139.3985748291016
  ],
  "median_us": 1139.3985748291016,
  "mean_us": 1140.3794403076172,
  "min_us": 1138.8246154785156,
  "p90_us": 1143.9948272705078,
  "std_us": 1.8780956074750097,
  "cv": 0.16469041277773244
}