{
  "operator": "where",
  "implementation": "torch",
  "batch": 8,
  "warmup": 200,
  "loops": 100,
  "repeat": 5,
  "raw_repeat_latency_us": [
    350.2363967895508,
    350.1232147216797,
    347.0075988769531,
    353.83678436279297,
    350.56278228759766
  ],
  "median_us": 350.2363967895508,
  "mean_us": 350.35335540771484,
  "min_us": 347.0075988769531,
  "p90_us": 353.83678436279297,
  "std_us": 2.1651266808184872,
  "cv": 0.6179837148409427
}