{
  "operator": "or",
  "implementation": "torch",
  "batch": 64,
  "warmup": 200,
  "loops": 100,
  "repeat": 5,
  "raw_repeat_latency_us": [
    4587.941589355469,
    4589.1058349609375,
    4631.834716796875,
    4587.43408203125,
    4573.5125732421875
  ],
  "median_us": 4587.941589355469,
  "mean_us": 4593.965759277344,
  "min_us": 4573.5125732421875,
  "p90_us": 4631.834716796875,
  "std_us": 19.773533107974064,
  "cv": 0.43042404197380324
}