{
  "operator": "or",
  "implementation": "pypto",
  "batch": 8,
  "warmup": 200,
  "loops": 100,
  "repeat": 5,
  "raw_repeat_latency_us": [
    148.32440376281738,
    148.49220275878906,
    148.44420433044434,
    148.8510036468506,
    148.30080032348633
  ],
  "median_us": 148.44420433044434,
  "mean_us": 148.48252296447754,
  "min_us": 148.30080032348633,
  "p90_us": 148.8510036468506,
  "std_us": 0.19766882890160295,
  "cv": 0.13312599015366447
}