{
  "operator": "not",
  "implementation": "pypto",
  "batch": 32,
  "warmup": 200,
  "loops": 100,
  "repeat": 5,
  "raw_repeat_latency_us": [
    134.7517967224121,
    136.7121982574463,
    132.49560356140137,
    131.95980072021484,
    132.19719886779785
  ],
  "median_us": 132.49560356140137,
  "mean_us": 133.6233196258545,
  "min_us": 131.95980072021484,
  "p90_us": 136.7121982574463,
  "std_us": 1.837797096861661,
  "cv": 1.3753565635156317
}