{
  "operator": "equal",
  "implementation": "torch",
  "batch": 1,
  "warmup": 200,
  "loops": 100,
  "repeat": 5,
  "raw_repeat_latency_us": [
    12.11959958076477,
    12.304799556732178,
    12.18019962310791,
    13.090800046920776,
    12.081799507141113
  ],
  "median_us": 12.18019962310791,
  "mean_us": 12.35543966293335,
  "min_us": 12.081799507141113,
  "p90_us": 13.090800046920776,
  "std_us": 0.3753739110464404,
  "cv": 3.038126697931861
}