{
  "operator": "or",
  "implementation": "pypto",
  "batch": 32,
  "warmup": 200,
  "loops": 100,
  "repeat": 5,
  "raw_repeat_latency_us": [
    149.13579940795898,
    147.42079734802246,
    146.14959716796875,
    144.12599563598633,
    145.8425998687744
  ],
  "median_us": 146.14959716796875,
  "mean_us": 146.5349578857422,
  "min_us": 144.12599563598633,
  "p90_us": 149.13579940795898,
  "std_us": 1.672127375760065,
  "cv": 1.1411115817591282
}