{
  "operator": "or",
  "implementation": "torch",
  "batch": 8,
  "warmup": 200,
  "loops": 100,
  "repeat": 5,
  "raw_repeat_latency_us": [
    746.9712066650391,
    748.6097717285156,
    748.9585876464844,
    748.9710235595703,
    744.8210144042969
  ],
  "median_us": 748.6097717285156,
  "mean_us": 747.6663208007812,
  "min_us": 744.8210144042969,
  "p90_us": 748.9710235595703,
  "std_us": 1.6025763441360075,
  "cv": 0.21434379208355708
}