{
  "operator": "not",
  "overall_status": "REPORT_OUTDATED",
  "correctness": {
    "torch": "PASS",
    "ascendc": "FAIL_SCRIPT_BUG — correctness JSON shows all 7 batches FAIL (wrong filename pattern). Kernel may work; script must be fixed and re-run.",
    "pypto": "PASS"
  },
  "profiler": {
    "torch": {
      "1": {
        "median_us": 127.53100395202637,
        "mean_us": 128.04852294921875,
        "min_us": 126.96700096130371,
        "p90_us": 129.63080406188965,
        "cv": 0.7647666543180206,
        "raw_repeat_latency_us": [
          127.53100395202637,
          129.63080406188965,
          126.96700096130371,
          127.40360260009766,
          128.71020317077637
        ]
      },
      "2": {
        "median_us": 160.58719635009766,
        "mean_us": 160.70155715942383,
        "min_us": 160.13439178466797,
        "p90_us": 161.8950080871582,
        "cv": 0.3948677548643411,
        "raw_repeat_latency_us": [
          160.69379806518555,
          160.19739151000977,
          161.8950080871582,
          160.58719635009766,
          160.13439178466797
        ]
      },
      "4": {
        "median_us": 220.46319961547852,
        "mean_us": 220.60004043579102,
        "min_us": 217.73080825805664,
        "p90_us": 224.93440628051758,
        "cv": 1.0843912356987655,
        "raw_repeat_latency_us": [
          224.93440628051758,
          217.73080825805664,
          220.52419662475586,
          219.34759140014648,
          220.46319961547852
        ]
      },
      "8": {
        "median_us": 358.37158203125,
        "mean_us": 358.27427673339844,
        "min_us": 356.12060546875,
        "p90_us": 361.18518829345703,
        "cv": 0.5354339086113077,
        "raw_repeat_latency_us": [
          358.37158203125,
          356.27960205078125,
          361.18518829345703,
          356.12060546875,
          359.4144058227539
        ]
      },
      "16": {
        "median_us": 563.8214111328125,
        "mean_us": 564.5370788574219,
        "min_us": 562.9618072509766,
        "p90_us": 566.9318008422852,
        "cv": 0.25181908366850986,
        "raw_repeat_latency_us": [
          562.9618072509766,
          565.3131866455078,
          563.6571884155273,
          563.8214111328125,
          566.9318008422852
        ]
      },
      "32": {
        "median_us": 1028.5501861572266,
        "mean_us": 1027.5004425048828,
        "min_us": 1022.5128173828125,
        "p90_us": 1031.2100219726562,
        "cv": 0.2821894121299237,
        "raw_repeat_latency_us": [
          1031.2100219726562,
          1026.5492248535156,
          1022.5128173828125,
          1028.5501861572266,
          1028.6799621582031
        ]
      },
      "64": {
        "median_us": 1986.6647338867188,
        "mean_us": 1989.2377624511719,
        "min_us": 1986.0629272460938,
        "p90_us": 1996.6044616699219,
        "cv": 0.20079026824869492,
        "raw_repeat_latency_us": [
          1986.4932250976562,
          1996.6044616699219,
          1990.3634643554688,
          1986.6647338867188,
          1986.0629272460938
        ]
      }
    },
    "ascendc": {
      "1": {
        "median_us": 6.4,
        "mean_us": 6.5,
        "min_us": 6.3,
        "p90_us": 7.0,
        "cv": 4.0,
        "raw_repeat_latency_us": [
          6.3,
          6.4,
          6.4,
          6.4,
          7.0
        ]
      },
      "2": {
        "median_us": 7.6,
        "mean_us": 7.7,
        "min_us": 7.6,
        "p90_us": 7.9,
        "cv": 1.5584415584415583,
        "raw_repeat_latency_us": [
          7.6,
          7.6,
          7.6,
          7.7,
          7.9
        ]
      },
      "4": {
        "median_us": 7.7,
        "mean_us": 7.2,
        "min_us": 6.3,
        "p90_us": 7.8,
        "cv": 8.88888888888889,
        "raw_repeat_latency_us": [
          6.3,
          6.4,
          7.7,
          7.7,
          7.8
        ]
      },
      "8": {
        "median_us": 6.5,
        "mean_us": 6.5,
        "min_us": 6.3,
        "p90_us": 6.6,
        "cv": 1.6923076923076923,
        "raw_repeat_latency_us": [
          6.3,
          6.4,
          6.5,
          6.5,
          6.6
        ]
      },
      "16": {
        "median_us": 6.4,
        "mean_us": 6.5,
        "min_us": 6.4,
        "p90_us": 6.6,
        "cv": 0.7692307692307693,
        "raw_repeat_latency_us": [
          6.4,
          6.4,
          6.4,
          6.5,
          6.6
        ]
      },
      "32": {
        "median_us": 7.9,
        "mean_us": 7.6,
        "min_us": 7.2,
        "p90_us": 8.1,
        "cv": 5.131578947368422,
        "raw_repeat_latency_us": [
          7.2,
          7.2,
          7.9,
          7.9,
          8.1
        ]
      },
      "64": {
        "median_us": 12.0,
        "mean_us": 12.0,
        "min_us": 12.0,
        "p90_us": 12.0,
        "cv": 0.08333333333333334,
        "raw_repeat_latency_us": [
          12.0,
          12.0,
          12.0,
          12.0,
          12.0
        ]
      }
    },
    "pypto": {
      "1": {
        "median_us": 136.56760215759277,
        "mean_us": 136.80768203735352,
        "min_us": 134.8546028137207,
        "p90_us": 139.4894027709961,
        "cv": 1.251055057877584,
        "raw_repeat_latency_us": [
          139.4894027709961,
          137.8794002532959,
          135.2474021911621,
          134.8546028137207,
          136.56760215759277
        ]
      },
      "2": {
        "median_us": 133.2376003265381,
        "mean_us": 133.94760131835938,
        "min_us": 132.42620468139648,
        "p90_us": 136.58260345458984,
        "cv": 1.1078734878265013,
        "raw_repeat_latency_us": [
          136.58260345458984,
          134.50980186462402,
          132.98179626464844,
          132.42620468139648,
          133.2376003265381
        ]
      },
      "4": {
        "median_us": 135.06019592285156,
        "mean_us": 135.37311935424805,
        "min_us": 134.60820198059082,
        "p90_us": 137.08919525146484,
        "cv": 0.6549948091087777,
        "raw_repeat_latency_us": [
          137.08919525146484,
          135.27700424194336,
          135.06019592285156,
          134.83099937438965,
          134.60820198059082
        ]
      },
      "8": {
        "median_us": 136.45440101623535,
        "mean_us": 136.66864013671875,
        "min_us": 135.46339988708496,
        "p90_us": 138.02760124206543,
        "cv": 0.753593723423961,
        "raw_repeat_latency_us": [
          137.68799781799316,
          138.02760124206543,
          135.46339988708496,
          136.45440101623535,
          135.70980072021484
        ]
      },
      "16": {
        "median_us": 130.67259788513184,
        "mean_us": 131.31707763671875,
        "min_us": 129.7447967529297,
        "p90_us": 134.20479774475098,
        "cv": 1.1876184681458548,
        "raw_repeat_latency_us": [
          134.20479774475098,
          131.57719612121582,
          129.7447967529297,
          130.67259788513184,
          130.38599967956543
        ]
      },
      "32": {
        "median_us": 132.49560356140137,
        "mean_us": 133.6233196258545,
        "min_us": 131.95980072021484,
        "p90_us": 136.7121982574463,
        "cv": 1.3753565635156317,
        "raw_repeat_latency_us": [
          134.7517967224121,
          136.7121982574463,
          132.49560356140137,
          131.95980072021484,
          132.19719886779785
        ]
      },
      "64": {
        "median_us": 129.93280410766602,
        "mean_us": 130.5122413635254,
        "min_us": 129.26779747009277,
        "p90_us": 132.3826026916504,
        "cv": 0.904653444299752,
        "raw_repeat_latency_us": [
          131.3796043395996,
          129.59839820861816,
          132.3826026916504,
          129.26779747009277,
          129.93280410766602
        ]
      }
    }
  }
}