{
  "operator": "not",
  "implementation": "torch",
  "batch": 1,
  "warmup": 200,
  "loops": 100,
  "repeat": 5,
  "raw_repeat_latency_us": [
    127.53100395202637,
    129.63080406188965,
    126.96700096130371,
    127.40360260009766,
    128.71020317077637
  ],
  "median_us": 127.53100395202637,
  "mean_us": 128.04852294921875,
  "min_us": 126.96700096130371,
  "p90_us": 129.63080406188965,
  "std_us": 0.979272404862383,
  "cv": 0.7647666543180206
}