{
  "operator": "or",
  "implementation": "torch",
  "batch": 1,
  "warmup": 200,
  "loops": 100,
  "repeat": 5,
  "raw_repeat_latency_us": [
    258.4600067138672,
    256.2693977355957,
    257.9957962036133,
    254.01239395141602,
    255.85060119628906
  ],
  "median_us": 256.2693977355957,
  "mean_us": 256.51763916015625,
  "min_us": 254.01239395141602,
  "p90_us": 258.4600067138672,
  "std_us": 1.5962804869354557,
  "cv": 0.6222887798912032
}