{
  "operator": "or",
  "implementation": "pypto",
  "batch": 64,
  "warmup": 200,
  "loops": 100,
  "repeat": 5,
  "raw_repeat_latency_us": [
    148.0430030822754,
    145.8802032470703,
    147.26719856262207,
    145.9455966949463,
    146.47939682006836
  ],
  "median_us": 146.47939682006836,
  "mean_us": 146.72307968139648,
  "min_us": 145.8802032470703,
  "p90_us": 148.0430030822754,
  "std_us": 0.8261434446584806,
  "cv": 0.5630630480578919
}