{
  "operator": "not",
  "implementation": "pypto",
  "batch": 1,
  "warmup": 200,
  "loops": 100,
  "repeat": 5,
  "raw_repeat_latency_us": [
    139.4894027709961,
    137.8794002532959,
    135.2474021911621,
    134.8546028137207,
    136.56760215759277
  ],
  "median_us": 136.56760215759277,
  "mean_us": 136.80768203735352,
  "min_us": 134.8546028137207,
  "p90_us": 139.4894027709961,
  "std_us": 1.7115394256933945,
  "cv": 1.251055057877584
}