{
  "operator": "or",
  "implementation": "pypto",
  "batch": 2,
  "warmup": 200,
  "loops": 100,
  "repeat": 5,
  "raw_repeat_latency_us": [
    149.82799530029297,
    149.08120155334473,
    147.84119606018066,
    146.98060035705566,
    149.57579612731934
  ],
  "median_us": 149.08120155334473,
  "mean_us": 148.66135787963867,
  "min_us": 146.98060035705566,
  "p90_us": 149.82799530029297,
  "std_us": 1.0836161820736372,
  "cv": 0.7289158376657436
}