{
  "operator": "not",
  "implementation": "pypto",
  "batch": 8,
  "warmup": 200,
  "loops": 100,
  "repeat": 5,
  "raw_repeat_latency_us": [
    137.68799781799316,
    138.02760124206543,
    135.46339988708496,
    136.45440101623535,
    135.70980072021484
  ],
  "median_us": 136.45440101623535,
  "mean_us": 136.66864013671875,
  "min_us": 135.46339988708496,
  "p90_us": 138.02760124206543,
  "std_us": 1.0299262939591929,
  "cv": 0.753593723423961
}