{
  "operator": "equal",
  "implementation": "torch",
  "batch": 16,
  "warmup": 200,
  "loops": 100,
  "repeat": 5,
  "raw_repeat_latency_us": [
    11.306999921798706,
    11.8340003490448,
    12.148599624633789,
    12.762199640274048,
    12.705199718475342
  ],
  "median_us": 12.148599624633789,
  "mean_us": 12.151399850845337,
  "min_us": 11.306999921798706,
  "p90_us": 12.762199640274048,
  "std_us": 0.5465404287584201,
  "cv": 4.497756928971429
}