{
  "operator": "or",
  "implementation": "torch",
  "batch": 2,
  "warmup": 200,
  "loops": 100,
  "repeat": 5,
  "raw_repeat_latency_us": [
    315.86999893188477,
    315.04159927368164,
    316.64939880371094,
    312.8861999511719,
    314.34499740600586
  ],
  "median_us": 315.04159927368164,
  "mean_us": 314.958438873291,
  "min_us": 312.8861999511719,
  "p90_us": 316.64939880371094,
  "std_us": 1.29365277126691,
  "cv": 0.41073761220519367
}