{
  "results": [
    {
      "operator": "relu",
      "variant": "torch",
      "batch": 1,
      "shape": [
        1,
        12,
        256,
        32
      ],
      "dtype": "float16",
      "config": {
        "warmup": 200,
        "loops": 100,
        "repeat": 10
      },
      "latency_us": {
        "count": 10,
        "median_us": 12.996699810028076,
        "mean_us": 12.725879907608032,
        "min_us": 11.060199737548828,
        "max_us": 13.457800149917603,
        "p90_us": 13.249599933624268,
        "std_us": 0.6796413299289131,
        "cv": 0.05340623476437152,
        "effective_bandwidth_gbps": 56.35
      }
    }
  ],
  "framework": "torch",
  "operator": "relu"
}