{
  "results": [
    {
      "operator": "relu",
      "variant": "torch",
      "batch": 64,
      "shape": [
        64,
        12,
        256,
        32
      ],
      "dtype": "float16",
      "config": {
        "warmup": 200,
        "loops": 100,
        "repeat": 5
      },
      "latency_us": {
        "count": 5,
        "median_us": 10.182600021362305,
        "mean_us": 10.145280003547668,
        "min_us": 9.766799807548523,
        "max_us": 10.348000526428223,
        "p90_us": 10.348000526428223,
        "std_us": 0.21115450335329536,
        "cv": 0.020813077931753236,
        "effective_bandwidth_gbps": 4603.44
      }
    }
  ],
  "framework": "torch",
  "operator": "relu"
}