{
  "operator": "where",
  "implementation": "torch",
  "batch": 4,
  "warmup": 200,
  "loops": 100,
  "repeat": 5,
  "raw_repeat_latency_us": [
    230.23740768432617,
    232.86020278930664,
    229.37299728393555,
    231.28839492797852,
    230.8843994140625
  ],
  "median_us": 230.8843994140625,
  "mean_us": 230.92868041992188,
  "min_us": 229.37299728393555,
  "p90_us": 232.86020278930664,
  "std_us": 1.1627675617070086,
  "cv": 0.5035180383799129
}