{
  "operator": "or",
  "implementation": "torch",
  "batch": 4,
  "warmup": 200,
  "loops": 100,
  "repeat": 5,
  "raw_repeat_latency_us": [
    434.6908187866211,
    435.0392150878906,
    434.05879974365234,
    431.5679931640625,
    432.156982421875
  ],
  "median_us": 434.05879974365234,
  "mean_us": 433.5027618408203,
  "min_us": 431.5679931640625,
  "p90_us": 435.0392150878906,
  "std_us": 1.3882217483748185,
  "cv": 0.32023365721590613
}