{
  "operator": "or",
  "overall_status": "REPORT_OUTDATED",
  "correctness": {
    "torch": "PASS",
    "ascendc": "FAIL_SCRIPT_BUG — correctness JSON shows all 7 batches FAIL (wrong filename pattern). Kernel may work; script must be fixed and re-run.",
    "pypto": "PARTIAL — uses bitwise_or instead of logical_or; only correct for 0/1 inputs"
  },
  "profiler": {
    "torch": {
      "1": {
        "median_us": 256.2693977355957,
        "mean_us": 256.51763916015625,
        "min_us": 254.01239395141602,
        "p90_us": 258.4600067138672,
        "cv": 0.6222887798912032,
        "raw_repeat_latency_us": [
          258.4600067138672,
          256.2693977355957,
          257.9957962036133,
          254.01239395141602,
          255.85060119628906
        ]
      },
      "2": {
        "median_us": 315.04159927368164,
        "mean_us": 314.958438873291,
        "min_us": 312.8861999511719,
        "p90_us": 316.64939880371094,
        "cv": 0.41073761220519367,
        "raw_repeat_latency_us": [
          315.86999893188477,
          315.04159927368164,
          316.64939880371094,
          312.8861999511719,
          314.34499740600586
        ]
      },
      "4": {
        "median_us": 434.05879974365234,
        "mean_us": 433.5027618408203,
        "min_us": 431.5679931640625,
        "p90_us": 435.0392150878906,
        "cv": 0.32023365721590613,
        "raw_repeat_latency_us": [
          434.6908187866211,
          435.0392150878906,
          434.05879974365234,
          431.5679931640625,
          432.156982421875
        ]
      },
      "8": {
        "median_us": 748.6097717285156,
        "mean_us": 747.6663208007812,
        "min_us": 744.8210144042969,
        "p90_us": 748.9710235595703,
        "cv": 0.21434379208355708,
        "raw_repeat_latency_us": [
          746.9712066650391,
          748.6097717285156,
          748.9585876464844,
          748.9710235595703,
          744.8210144042969
        ]
      },
      "16": {
        "median_us": 1139.3985748291016,
        "mean_us": 1140.3794403076172,
        "min_us": 1138.8246154785156,
        "p90_us": 1143.9948272705078,
        "cv": 0.16469041277773244,
        "raw_repeat_latency_us": [
          1143.9948272705078,
          1138.8246154785156,
          1140.3885650634766,
          1139.2906188964844,
          1139.3985748291016
        ]
      },
      "32": {
        "median_us": 2072.7830505371094,
        "mean_us": 2071.086181640625,
        "min_us": 2063.2090759277344,
        "p90_us": 2075.897216796875,
        "cv": 0.20608222294348247,
        "raw_repeat_latency_us": [
          2072.7830505371094,
          2070.7525634765625,
          2075.897216796875,
          2063.2090759277344,
          2072.7890014648438
        ]
      },
      "64": {
        "median_us": 4587.941589355469,
        "mean_us": 4593.965759277344,
        "min_us": 4573.5125732421875,
        "p90_us": 4631.834716796875,
        "cv": 0.43042404197380324,
        "raw_repeat_latency_us": [
          4587.941589355469,
          4589.1058349609375,
          4631.834716796875,
          4587.43408203125,
          4573.5125732421875
        ]
      }
    },
    "ascendc": {
      "1": {
        "median_us": 6.5,
        "mean_us": 7.1,
        "min_us": 6.4,
        "p90_us": 8.1,
        "cv": 10.563380281690142,
        "raw_repeat_latency_us": [
          6.4,
          6.4,
          6.5,
          6.5,
          8.1
        ]
      },
      "2": {
        "median_us": 6.6,
        "mean_us": 7.1,
        "min_us": 6.5,
        "p90_us": 8.1,
        "cv": 10.563380281690142,
        "raw_repeat_latency_us": [
          6.5,
          6.5,
          6.6,
          6.6,
          8.1
        ]
      },
      "4": {
        "median_us": 7.9,
        "mean_us": 7.9,
        "min_us": 7.8,
        "p90_us": 8.1,
        "cv": 1.3924050632911391,
        "raw_repeat_latency_us": [
          7.8,
          7.9,
          7.9,
          7.9,
          8.1
        ]
      },
      "8": {
        "median_us": 7.9,
        "mean_us": 7.9,
        "min_us": 7.9,
        "p90_us": 8.0,
        "cv": 0.6329113924050633,
        "raw_repeat_latency_us": [
          7.9,
          7.9,
          7.9,
          7.9,
          8.0
        ]
      },
      "16": {
        "median_us": 6.4,
        "mean_us": 6.4,
        "min_us": 6.4,
        "p90_us": 6.6,
        "cv": 1.25,
        "raw_repeat_latency_us": [
          6.4,
          6.4,
          6.4,
          6.4,
          6.6
        ]
      },
      "32": {
        "median_us": 7.2,
        "mean_us": 7.2,
        "min_us": 7.2,
        "p90_us": 7.3,
        "cv": 0.0,
        "raw_repeat_latency_us": [
          7.2,
          7.2,
          7.2,
          7.2,
          7.3
        ]
      },
      "64": {
        "median_us": 12.2,
        "mean_us": 12.2,
        "min_us": 12.2,
        "p90_us": 12.2,
        "cv": 0.24590163934426232,
        "raw_repeat_latency_us": [
          12.2,
          12.2,
          12.2,
          12.2,
          12.2
        ]
      }
    },
    "pypto": {
      "1": {
        "median_us": 148.8234043121338,
        "mean_us": 149.37448120117188,
        "min_us": 148.4827995300293,
        "p90_us": 151.08380317687988,
        "cv": 0.6439026906528921,
        "raw_repeat_latency_us": [
          151.08380317687988,
          148.4827995300293,
          148.8234043121338,
          149.77479934692383,
          148.70759963989258
        ]
      },
      "2": {
        "median_us": 149.08120155334473,
        "mean_us": 148.66135787963867,
        "min_us": 146.98060035705566,
        "p90_us": 149.82799530029297,
        "cv": 0.7289158376657436,
        "raw_repeat_latency_us": [
          149.82799530029297,
          149.08120155334473,
          147.84119606018066,
          146.98060035705566,
          149.57579612731934
        ]
      },
      "4": {
        "median_us": 142.34620094299316,
        "mean_us": 142.3901596069336,
        "min_us": 141.19440078735352,
        "p90_us": 143.91340255737305,
        "cv": 0.6189087423934795,
        "raw_repeat_latency_us": [
          143.91340255737305,
          141.19440078735352,
          142.34620094299316,
          142.03519821166992,
          142.46159553527832
        ]
      },
      "8": {
        "median_us": 148.44420433044434,
        "mean_us": 148.48252296447754,
        "min_us": 148.30080032348633,
        "p90_us": 148.8510036468506,
        "cv": 0.13312599015366447,
        "raw_repeat_latency_us": [
          148.32440376281738,
          148.49220275878906,
          148.44420433044434,
          148.8510036468506,
          148.30080032348633
        ]
      },
      "16": {
        "median_us": 141.1184024810791,
        "mean_us": 141.12443923950195,
        "min_us": 139.67100143432617,
        "p90_us": 142.66119956970215,
        "cv": 0.6873794052106865,
        "raw_repeat_latency_us": [
          142.66119956970215,
          140.74819564819336,
          141.42339706420898,
          139.67100143432617,
          141.1184024810791
        ]
      },
      "32": {
        "median_us": 146.14959716796875,
        "mean_us": 146.5349578857422,
        "min_us": 144.12599563598633,
        "p90_us": 149.13579940795898,
        "cv": 1.1411115817591282,
        "raw_repeat_latency_us": [
          149.13579940795898,
          147.42079734802246,
          146.14959716796875,
          144.12599563598633,
          145.8425998687744
        ]
      },
      "64": {
        "median_us": 146.47939682006836,
        "mean_us": 146.72307968139648,
        "min_us": 145.8802032470703,
        "p90_us": 148.0430030822754,
        "cv": 0.5630630480578919,
        "raw_repeat_latency_us": [
          148.0430030822754,
          145.8802032470703,
          147.26719856262207,
          145.9455966949463,
          146.47939682006836
        ]
      }
    }
  }
}