{
  "operator": "not",
  "implementation": "pypto",
  "batch": 64,
  "warmup": 200,
  "loops": 100,
  "repeat": 5,
  "raw_repeat_latency_us": [
    131.3796043395996,
    129.59839820861816,
    132.3826026916504,
    129.26779747009277,
    129.93280410766602
  ],
  "median_us": 129.93280410766602,
  "mean_us": 130.5122413635254,
  "min_us": 129.26779747009277,
  "p90_us": 132.3826026916504,
  "std_us": 1.180683486727938,
  "cv": 0.904653444299752
}