{
  "operator": "equal",
  "implementation": "torch",
  "batch": 64,
  "warmup": 200,
  "loops": 100,
  "repeat": 5,
  "raw_repeat_latency_us": [
    12.109600305557251,
    12.944999933242798,
    12.914799451828003,
    12.966400384902954,
    12.427200078964233
  ],
  "median_us": 12.914799451828003,
  "mean_us": 12.672600030899048,
  "min_us": 12.109600305557251,
  "p90_us": 12.966400384902954,
  "std_us": 0.345360895717096,
  "cv": 2.7252568129272414
}