{
  "operator": "not",
  "implementation": "torch",
  "batch": 8,
  "warmup": 200,
  "loops": 100,
  "repeat": 5,
  "raw_repeat_latency_us": [
    358.37158203125,
    356.27960205078125,
    361.18518829345703,
    356.12060546875,
    359.4144058227539
  ],
  "median_us": 358.37158203125,
  "mean_us": 358.27427673339844,
  "min_us": 356.12060546875,
  "p90_us": 361.18518829345703,
  "std_us": 1.9183219634625281,
  "cv": 0.5354339086113077
}