{
  "operator": "where",
  "implementation": "torch",
  "batch": 1,
  "warmup": 200,
  "loops": 100,
  "repeat": 5,
  "raw_repeat_latency_us": [
    131.95839881896973,
    131.86260223388672,
    132.6226043701172,
    131.02800369262695,
    131.3350009918213
  ],
  "median_us": 131.86260223388672,
  "mean_us": 131.76132202148438,
  "min_us": 131.02800369262695,
  "p90_us": 132.6226043701172,
  "std_us": 0.549619799746886,
  "cv": 0.4171328818765705
}