{
  "operator": "where",
  "implementation": "torch",
  "batch": 64,
  "warmup": 200,
  "loops": 100,
  "repeat": 5,
  "raw_repeat_latency_us": [
    2152.815399169922,
    2239.761199951172,
    2170.458984375,
    2180.675048828125,
    2191.453857421875
  ],
  "median_us": 2180.675048828125,
  "mean_us": 2187.0328979492188,
  "min_us": 2152.815399169922,
  "p90_us": 2239.761199951172,
  "std_us": 29.27720203158591,
  "cv": 1.3386722284351165
}