{
  "operator": "where",
  "implementation": "torch",
  "batch": 2,
  "warmup": 200,
  "loops": 100,
  "repeat": 5,
  "raw_repeat_latency_us": [
    160.20639419555664,
    158.38299751281738,
    160.83379745483398,
    158.05419921875,
    159.08820152282715
  ],
  "median_us": 159.08820152282715,
  "mean_us": 159.31311798095703,
  "min_us": 158.05419921875,
  "p90_us": 160.83379745483398,
  "std_us": 1.0593390775447669,
  "cv": 0.664941525826763
}