{
  "operator": "not",
  "implementation": "torch",
  "batch": 2,
  "warmup": 200,
  "loops": 100,
  "repeat": 5,
  "raw_repeat_latency_us": [
    160.69379806518555,
    160.19739151000977,
    161.8950080871582,
    160.58719635009766,
    160.13439178466797
  ],
  "median_us": 160.58719635009766,
  "mean_us": 160.70155715942383,
  "min_us": 160.13439178466797,
  "p90_us": 161.8950080871582,
  "std_us": 0.6345586307874527,
  "cv": 0.3948677548643411
}