{
  "operator": "not",
  "implementation": "torch",
  "batch": 64,
  "warmup": 200,
  "loops": 100,
  "repeat": 5,
  "raw_repeat_latency_us": [
    1986.4932250976562,
    1996.6044616699219,
    1990.3634643554688,
    1986.6647338867188,
    1986.0629272460938
  ],
  "median_us": 1986.6647338867188,
  "mean_us": 1989.2377624511719,
  "min_us": 1986.0629272460938,
  "p90_us": 1996.6044616699219,
  "std_us": 3.9941958393300445,
  "cv": 0.20079026824869492
}