{
  "operator": "equal",
  "overall_status": "COMPLETE_WITH_LIMITATION",
  "correctness": {
    "torch": "PASS",
    "ascendc": "PASS",
    "pypto": "BLOCKED_BACKEND_EQUAL"
  },
  "profiler": {
    "torch": {
      "1": {
        "median_us": 12.18019962310791,
        "mean_us": 12.35543966293335,
        "min_us": 12.081799507141113,
        "p90_us": 13.090800046920776,
        "cv": 3.038126697931861,
        "raw_repeat_latency_us": [
          12.11959958076477,
          12.304799556732178,
          12.18019962310791,
          13.090800046920776,
          12.081799507141113
        ]
      },
      "2": {
        "median_us": 12.165999412536621,
        "mean_us": 12.107159852981567,
        "min_us": 11.307200193405151,
        "p90_us": 12.884399890899658,
        "cv": 4.4818386327482616,
        "raw_repeat_latency_us": [
          11.307200193405151,
          12.423800230026245,
          12.165999412536621,
          11.754399538040161,
          12.884399890899658
        ]
      },
      "4": {
        "median_us": 12.80460000038147,
        "mean_us": 12.705999851226807,
        "min_us": 11.83519959449768,
        "p90_us": 13.32859992980957,
        "cv": 4.052835493884417,
        "raw_repeat_latency_us": [
          11.83519959449768,
          13.32859992980957,
          13.062800168991089,
          12.80460000038147,
          12.498799562454224
        ]
      },
      "8": {
        "median_us": 12.023799419403076,
        "mean_us": 11.98527979850769,
        "min_us": 11.435799598693848,
        "p90_us": 12.568600177764893,
        "cv": 4.03108283474931,
        "raw_repeat_latency_us": [
          11.43880009651184,
          12.459399700164795,
          12.568600177764893,
          12.023799419403076,
          11.435799598693848
        ]
      },
      "16": {
        "median_us": 12.148599624633789,
        "mean_us": 12.151399850845337,
        "min_us": 11.306999921798706,
        "p90_us": 12.762199640274048,
        "cv": 4.497756928971429,
        "raw_repeat_latency_us": [
          11.306999921798706,
          11.8340003490448,
          12.148599624633789,
          12.762199640274048,
          12.705199718475342
        ]
      },
      "32": {
        "median_us": 12.726999521255493,
        "mean_us": 11.77671992778778,
        "min_us": 7.94439971446991,
        "p90_us": 13.033000230789185,
        "cv": 16.393299953675513,
        "raw_repeat_latency_us": [
          7.94439971446991,
          12.86020040512085,
          13.033000230789185,
          12.318999767303467,
          12.726999521255493
        ]
      },
      "64": {
        "median_us": 12.914799451828003,
        "mean_us": 12.672600030899048,
        "min_us": 12.109600305557251,
        "p90_us": 12.966400384902954,
        "cv": 2.7252568129272414,
        "raw_repeat_latency_us": [
          12.109600305557251,
          12.944999933242798,
          12.914799451828003,
          12.966400384902954,
          12.427200078964233
        ]
      }
    },
    "ascendc": {
      "1": {
        "median_us": 41.8,
        "mean_us": 41.7,
        "min_us": 41.7,
        "p90_us": 41.8,
        "cv": 0.09592326139088728,
        "raw_repeat_latency_us": [
          41.7,
          41.7,
          41.8,
          41.8,
          41.8
        ]
      },
      "2": {
        "median_us": 81.9,
        "mean_us": 81.9,
        "min_us": 81.8,
        "p90_us": 81.9,
        "cv": 0.036630036630036625,
        "raw_repeat_latency_us": [
          81.8,
          81.9,
          81.9,
          81.9,
          81.9
        ]
      },
      "4": {
        "median_us": 122.2,
        "mean_us": 122.2,
        "min_us": 122.1,
        "p90_us": 122.3,
        "cv": 0.05728314238952537,
        "raw_repeat_latency_us": [
          122.1,
          122.2,
          122.2,
          122.2,
          122.3
        ]
      },
      "8": {
        "median_us": 202.5,
        "mean_us": 202.5,
        "min_us": 202.5,
        "p90_us": 202.6,
        "cv": 0.02962962962962963,
        "raw_repeat_latency_us": [
          202.5,
          202.5,
          202.5,
          202.6,
          202.6
        ]
      },
      "16": {
        "median_us": 403.2,
        "mean_us": 403.3,
        "min_us": 403.2,
        "p90_us": 403.4,
        "cv": 0.0223158938755269,
        "raw_repeat_latency_us": [
          403.2,
          403.2,
          403.2,
          403.2,
          403.4
        ]
      },
      "32": {
        "median_us": 804.6,
        "mean_us": 804.6,
        "min_us": 804.6,
        "p90_us": 804.6,
        "cv": 0.0012428535918468805,
        "raw_repeat_latency_us": [
          804.6,
          804.6,
          804.6,
          804.6,
          804.6
        ]
      },
      "64": {
        "median_us": 1567.4,
        "mean_us": 1567.4,
        "min_us": 1567.3,
        "p90_us": 1567.4,
        "cv": 0.0025519969376036748,
        "raw_repeat_latency_us": [
          1567.3,
          1567.4,
          1567.4,
          1567.4,
          1567.4
        ]
      }
    },
    "pypto": {
      "blocked": true,
      "reason": "BLOCKED_BACKEND_EQUAL"
    }
  }
}