{
  "operator": "not",
  "implementation": "pypto",
  "batch": 4,
  "warmup": 200,
  "loops": 100,
  "repeat": 5,
  "raw_repeat_latency_us": [
    137.08919525146484,
    135.27700424194336,
    135.06019592285156,
    134.83099937438965,
    134.60820198059082
  ],
  "median_us": 135.06019592285156,
  "mean_us": 135.37311935424805,
  "min_us": 134.60820198059082,
  "p90_us": 137.08919525146484,
  "std_us": 0.8866869046989548,
  "cv": 0.6549948091087777
}